format_name,n_cases,tool_correctness,argument_correctness,hallucination_rate,behavior_class_accuracy,path_optimization,answer_completeness,on_disk_size_mb,peak_vram_mb,peak_ram_mb,prefill_latency_s_mean,decode_tokens_per_s_mean,trajectory_latency_s_mean,steps_per_trajectory_mean,backend_note
fp16,100,0.8,0.87,0.005,0.86,,,2959.582670211792,6194.0,3888.625,0.07963314976666629,38.00128512512636,1.4637084122399988,1.81,
bnb-nf4,100,0.785,0.8316666666666667,0.005,0.84,,,,8.0,5011.60546875,0.12753432008833027,33.21520093365072,1.7621153316700031,1.76,
bnb-int8,100,0.765,0.865,0.01,0.83,,,,1616.0,5321.390625,0.16921422705333214,8.637727050951538,6.256951427550006,1.85,
gptq-4bit,100,0.31,0.31,0.0,0.31,,,1107.697154045105,10.0,5321.390625,0.1099948586049959,25.813495004220233,3.0266540124399897,1.06,
awq-4bit,100,0.685,0.665,0.0,0.71,,,1215.4141969680786,3862.0,5321.390625,0.09543553194665946,35.737632170364485,1.5082771754200008,1.5,llmcompressor
gguf-Q4_0,100,0.75,0.87,0.0,0.82,,,891.6427307128906,1340.0,5321.390625,0.04184950673400673,159.09440099593274,0.3852276424900083,1.86,
gguf-Q4_K_M,100,0.78,0.87,0.015,0.89,,,940.3692932128906,1390.0,5321.390625,0.04115606228956229,129.64273706230347,0.4101784561300178,1.85,
gguf-Q5_K_M,100,0.725,0.835,0.005,0.8,,,1072.9317932128906,1522.0,5321.390625,0.04449943434343435,122.22363290294464,0.44850276058999955,1.83,
gguf-Q8_0,100,0.74,0.85,0.025,0.86,,,1570.2945861816406,2020.0,5321.390625,0.04196963804713805,114.22083172342683,0.5095903550999946,1.88,
