format_name,n_cases,tool_correctness,argument_correctness,hallucination_rate,behavior_class_accuracy,path_optimization,timeout_rate,answer_completeness,on_disk_size_mb,peak_vram_mb,peak_ram_mb,prefill_latency_s_mean,decode_tokens_per_s_mean,trajectory_latency_s_mean,steps_per_trajectory_mean,backend_note,path_optimization_judged,answer_completeness_judged
fp16,100,0.8,0.87,0.005,0.86,0.96,0.0,0.88,2959.582670211792,3078.0,2760.21484375,0.08112959265332392,36.3994615495766,1.5125098376499955,1.81,vram=nvidia-smi-poll; ram=psutil-poll,,
bnb-nf4,100,0.785,0.8316666666666667,0.005,0.84,0.97,0.0,0.8866666666666667,,64.0,2745.09375,0.11893147396332249,30.248043029973086,1.8890398801599622,1.76,vram=nvidia-smi-poll; ram=psutil-poll,,
bnb-int8,100,0.765,0.865,0.01,0.83,0.945,0.0,0.8933333333333333,,1530.0,2989.68359375,0.19002925860998401,7.346648627338343,7.306298448130056,1.85,vram=nvidia-smi-poll; ram=psutil-poll,,
gptq-4bit,3,0.0,0.0,0.0,0.0,0.0,0.0,0.0,,,,,,0.0,1.0,"PREFLIGHT ABORTED: zero valid tool calls parsed across 3 preflight cases, all of which expect one. Raw output sample: 'To get the current weather for Tokyo, I will first need to fetch the temperature from the API endpoint. Once I have the temperature, I can convert it into Celsius or Fahrenheit based on your preferenc'; mean steps-per-trajectory 1.00 is below the 1.2 floor (fp16 reference: 2.00) -- consistent with the model ending after a single text turn on every case instead of executing a tool and continuing",,
awq-4bit,100,0.67,0.69,0.01,0.76,0.98,0.0,0.6133333333333333,1215.4145259857178,3900.0,1112.578125,0.09254916825004784,33.909788795753926,1.3624343689500165,1.6,llmcompressor; vram=nvidia-smi-poll; ram=psutil-poll,,
gguf-Q4_0,100,0.75,0.87,0.0,0.82,0.925,0.0,0.8666666666666667,891.6427307128906,1340.0,904.9375,0.042853752525252524,151.76789424757817,0.4018367476000094,1.86,vram=nvidia-smi-poll; ram=psutil-poll,,
gguf-Q4_K_M,100,0.78,0.87,0.015,0.89,0.94,0.0,0.86,940.3692932128906,1390.0,939.5390625,0.04233659090909091,125.23024301813508,0.4246369108500403,1.85,vram=nvidia-smi-poll; ram=psutil-poll,,
gguf-Q5_K_M,100,0.725,0.835,0.005,0.8,0.93,0.0,0.86,1072.9317932128906,1522.0,1072.9375,0.04603946801346801,119.49730029302661,0.45961506173001,1.83,vram=nvidia-smi-poll; ram=psutil-poll,,
gguf-Q8_0,100,0.74,0.85,0.025,0.86,0.93,0.0,0.8466666666666667,1570.2945861816406,2020.0,1570.30078125,0.043670742424242424,111.59237523068788,0.5195503216700399,1.88,vram=nvidia-smi-poll; ram=psutil-poll,,
